approver_id,first_name,last_name,user_name,email,password
1,Al,Dente,al_dente,al_dente@hell.ca,a94a8fe5ccb19ba61c4c0873d391e987982fbbd3
2,Al,Falfa,al_falfa,al_falfa@hell.ca,a94a8fe5ccb19ba61c4c0873d391e987982fbbd3
3,Alan,Rench,alan_rench,alan_rench@hell.ca,a94a8fe5ccb19ba61c4c0873d391e987982fbbd3
4,Amanda,Huginkiss,amanda_huginkiss,amanda_huginkiss@hell.ca,a94a8fe5ccb19ba61c4c0873d391e987982fbbd3
5,Anna,Conda,anna_conda,anna_conda@hell.ca,a94a8fe5ccb19ba61c4c0873d391e987982fbbd3
6,Anna,Nimmity,anna_nimmity,anna_nimmity@hell.ca,a94a8fe5ccb19ba61c4c0873d391e987982fbbd3
7,Anne,Thrax,anne_thrax,anne_thrax@hell.ca,a94a8fe5ccb19ba61c4c0873d391e987982fbbd3
8,Annita,Job,annita_job,annita_job@hell.ca,a94a8fe5ccb19ba61c4c0873d391e987982fbbd3
9,Art,Choake,art_choake,art_choake@hell.ca,a94a8fe5ccb19ba61c4c0873d391e987982fbbd3
10,Art,Dekko,art_dekko,art_dekko@hell.ca,a94a8fe5ccb19ba61c4c0873d391e987982fbbd3
11,Art,major,art_major,art_major@hell.ca,a94a8fe5ccb19ba61c4c0873d391e987982fbbd3
12,Barb,Wyre,barb_wyre,barb_wyre@hell.ca,a94a8fe5ccb19ba61c4c0873d391e987982fbbd3
13,Benny,Fitz,benny_fitz,benny_fitz@hell.ca,a94a8fe5ccb19ba61c4c0873d391e987982fbbd3
14,Biff,Wellington,biff_wellington,biff_wellington@hell.ca,a94a8fe5ccb19ba61c4c0873d391e987982fbbd3
15,Brock,Lee,brock_lee,brock_lee@hell.ca,a94a8fe5ccb19ba61c4c0873d391e987982fbbd3
16,Bud,Light,bud_light,bud_light@hell.ca,a94a8fe5ccb19ba61c4c0873d391e987982fbbd3
17,Bunsen,Burner,bunsen_burner,bunsen_burner@hell.ca,a94a8fe5ccb19ba61c4c0873d391e987982fbbd3
18,Chester,Field,chester_field,chester_field@hell.ca,a94a8fe5ccb19ba61c4c0873d391e987982fbbd3
19,Claire,Voyant,claire_voyant,claire_voyant@hell.ca,a94a8fe5ccb19ba61c4c0873d391e987982fbbd3
20,Clay,Potts,clay_potts,clay_potts@hell.ca,a94a8fe5ccb19ba61c4c0873d391e987982fbbd3
21,Crystal,Ball,crystal_ball,crystal_ball@hell.ca,a94a8fe5ccb19ba61c4c0873d391e987982fbbd3
22,Derry,Yare,derry_yare,derry_yare@hell.ca,a94a8fe5ccb19ba61c4c0873d391e987982fbbd3
23,Dot,Matricks,dot_matricks,dot_matricks@hell.ca,a94a8fe5ccb19ba61c4c0873d391e987982fbbd3
24,Douglas,Furr,douglas_furr,douglas_furr@hell.ca,a94a8fe5ccb19ba61c4c0873d391e987982fbbd3
25,Chris,Bacon,chris_bacon,chris_bacon@hell.ca,a94a8fe5ccb19ba61c4c0873d391e987982fbbd3
26,Jed,Knight,jed_night,jed_night@hell.ca,a94a8fe5ccb19ba61c4c0873d391e987982fbbd3
27,Dyl,Pickel,dyl_pickel,dyl_pickel@hell.ca,a94a8fe5ccb19ba61c4c0873d391e987982fbbd3
28,Filet,Minyon,filet_minyon,filet_minyon@hell.ca,a94a8fe5ccb19ba61c4c0873d391e987982fbbd3
29,Frank,Furter,frank_furter,frank_furter@hell.ca,a94a8fe5ccb19ba61c4c0873d391e987982fbbd3
30,Gene,Poole,gene_poole,gene_poole@hell.ca,a94a8fe5ccb19ba61c4c0873d391e987982fbbd3
31,Ginger,Vitus,ginger_vitus,ginger_vitus@hell.ca,a94a8fe5ccb19ba61c4c0873d391e987982fbbd3
32,Gladys,Dunn,gladys_dunn,gladys_dunn@hell.ca,a94a8fe5ccb19ba61c4c0873d391e987982fbbd3
33,Goldie,Locke,goldie_lock,goldie_lock@hell.ca,a94a8fe5ccb19ba61c4c0873d391e987982fbbd3
34,Harry,Beard,harry_beard,harry_beard@hell.ca,a94a8fe5ccb19ba61c4c0873d391e987982fbbd3
35,Honey,Potts,honey_potts,honey_potts@hell.ca,a94a8fe5ccb19ba61c4c0873d391e987982fbbd3
36,Ida,Claire,ida_claire,ida_claire@hell.ca,a94a8fe5ccb19ba61c4c0873d391e987982fbbd3
37,Jack,Uzzi,jack_uzzi,jack_uzzi@hell.ca,a94a8fe5ccb19ba61c4c0873d391e987982fbbd3
38,Justin,Case,justin_case,justin_case@hell.ca,a94a8fe5ccb19ba61c4c0873d391e987982fbbd3
39,Justin,Thyme,justin_thyme,justin_thyme@hell.ca,a94a8fe5ccb19ba61c4c0873d391e987982fbbd3
40,Kayne,Kun,kayne_kun,kayne_kun@hell.ca,a94a8fe5ccb19ba61c4c0873d391e987982fbbd3
41,Krystal,Ball,krystal_ball@hell.ca,a94a8fe5ccb19ba61c4c0873d391e987982fbbd3
42,Leah,Tarde,leah_tarde,leah_tarde@hell.ca,a94a8fe5ccb19ba61c4c0873d391e987982fbbd3
43,Les,Wynan,les_wynan,les_wynan@hell.ca,a94a8fe5ccb19ba61c4c0873d391e987982fbbd3
44,Linda,Hand,linda_hand,linda_hand@hell.ca,a94a8fe5ccb19ba61c4c0873d391e987982fbbd3
45,Lotta,Noyes,lotta_noyes,lotta_noyes@hell.ca,a94a8fe5ccb19ba61c4c0873d391e987982fbbd3
46,Mason,Jarr,mason_Jarr,mason_Jarr@hell.ca,a94a8fe5ccb19ba61c4c0873d391e987982fbbd3
47,Mike,Raffone,mike_raffone,mike_raffone@hell.ca,a94a8fe5ccb19ba61c4c0873d391e987982fbbd3
48,Neil,Down,neil_down,neil_down@hell.ca,a94a8fe5ccb19ba61c4c0873d391e987982fbbd3
49,Ollie,Gark,ollie_gark,ollie_gark@hell.ca,a94a8fe5ccb19ba61c4c0873d391e987982fbbd3
50,Paige,Turner,paige_turner,paige_turner@hell.ca,a94a8fe5ccb19ba61c4c0873d391e987982fbbd3
51,Pea,Pu,pea_pu,pea_pu@hell.ca,a94a8fe5ccb19ba61c4c0873d391e987982fbbd3
52,Pete,Moss,pete_moss,pete_moss@hell.ca,a94a8fe5ccb19ba61c4c0873d391e987982fbbd3
53,Polly,Graff,polly_graff,polly_graff@hell.ca,a94a8fe5ccb19ba61c4c0873d391e987982fbbd3
54,Robyn,Banks,robyn_banks,robyn_banks@hell.ca,a94a8fe5ccb19ba61c4c0873d391e987982fbbd3
55,Rocky,Rhodes,rocky_rhodes,rocky_rhodes@hell.ca,a94a8fe5ccb19ba61c4c0873d391e987982fbbd3
56,Rod,Curtains,rod_curtains,rod_curtains@hell.ca,a94a8fe5ccb19ba61c4c0873d391e987982fbbd3
57,Rusty,Foord,rusty_foord,rusty_foord@hell.ca,a94a8fe5ccb19ba61c4c0873d391e987982fbbd3
58,Sandy,Beech,sandy_beech,sandy_beech@hell.ca,a94a8fe5ccb19ba61c4c0873d391e987982fbbd3
59,Seymore,Butts,seymore_butts,seymore_butts@hell.ca,a94a8fe5ccb19ba61c4c0873d391e987982fbbd3
60,Sonny,Day,sonny_day,sonny_day@hell.ca,a94a8fe5ccb19ba61c4c0873d391e987982fbbd3
61,Stan,Dupp,stan_dupp,stan_dupp@hell.ca,a94a8fe5ccb19ba61c4c0873d391e987982fbbd3
62,Sue,Flay,sue_flay,sue_flay@hell.ca,a94a8fe5ccb19ba61c4c0873d391e987982fbbd3
63,Sue,Vlaki,sue_vlaki,sue_vlaki@hell.ca,a94a8fe5ccb19ba61c4c0873d391e987982fbbd3
64,Tara,Dactyl,tara_dactyl,tara_dactyl@hell.ca,a94a8fe5ccb19ba61c4c0873d391e987982fbbd3
65,Tess,Tamoni,tess_tamoni,tess_tamoni@hell.ca,a94a8fe5ccb19ba61c4c0873d391e987982fbbd3
66,Tom,Foolery,tom_foolery,tom_foolery@hell.ca,a94a8fe5ccb19ba61c4c0873d391e987982fbbd3
67,Ty,Kuhn,ty_kuhn,ty_kuhn@hell.ca,a94a8fe5ccb19ba61c4c0873d391e987982fbbd3
68,Warren,Peace,warren_peace,warren_peace@hell.ca,a94a8fe5ccb19ba61c4c0873d391e987982fbbd3
69,Wazziz,Naime,wazziz_naime,wazziz_naime@hell.ca,a94a8fe5ccb19ba61c4c0873d391e987982fbbd3
70,Wil,Doolittle,wil_doolittle,wil_doolittle@hell.ca,a94a8fe5ccb19ba61c4c0873d391e987982fbbd3
71,Will,Tickelu,will_tickelu,will_tickelu@hell.ca,a94a8fe5ccb19ba61c4c0873d391e987982fbbd3
